tree_id,treelabel,species,boxlabel
1,b1-p1-c1-a1,fagus,b1-p1-c1
2,b1-p1-c1-b1,fagus,b1-p1-c1
3,b1-p1-c1-a2,fagus,b1-p1-c1
4,b1-p1-c1-b2,fagus,b1-p1-c1
5,b1-p1-c1-a3,fagus,b1-p1-c1
6,b1-p1-c1-b3,fagus,b1-p1-c1
7,b1-p1-c1-a4,fagus,b1-p1-c1
8,b1-p1-c1-b4,fagus,b1-p1-c1
9,b1-p1-c2-a1,fagus,b1-p1-c2
10,b1-p1-c2-b1,quercus,b1-p1-c2
11,b1-p1-c2-a2,quercus,b1-p1-c2
12,b1-p1-c2-b2,fagus,b1-p1-c2
13,b1-p1-c2-a3,fagus,b1-p1-c2
14,b1-p1-c2-b3,quercus,b1-p1-c2
15,b1-p1-c2-a4,quercus,b1-p1-c2
16,b1-p1-c2-b4,fagus,b1-p1-c2
17,b1-p1-c3-a1,fagus,b1-p1-c3
18,b1-p1-c3-b1,quercus,b1-p1-c3
19,b1-p1-c3-a2,quercus,b1-p1-c3
20,b1-p1-c3-b2,fagus,b1-p1-c3
21,b1-p1-c3-a3,fagus,b1-p1-c3
22,b1-p1-c3-b3,quercus,b1-p1-c3
23,b1-p1-c3-a4,quercus,b1-p1-c3
24,b1-p1-c3-b4,fagus,b1-p1-c3
25,b1-p1-c4-a1,quercus,b1-p1-c4
26,b1-p1-c4-b1,quercus,b1-p1-c4
27,b1-p1-c4-a2,quercus,b1-p1-c4
28,b1-p1-c4-b2,quercus,b1-p1-c4
29,b1-p1-c4-a3,quercus,b1-p1-c4
30,b1-p1-c4-b3,quercus,b1-p1-c4
31,b1-p1-c4-a4,quercus,b1-p1-c4
32,b1-p1-c4-b4,quercus,b1-p1-c4
33,b1-p2-c1-a1,quercus,b1-p2-c1
34,b1-p2-c1-b1,quercus,b1-p2-c1
35,b1-p2-c1-a2,quercus,b1-p2-c1
36,b1-p2-c1-b2,quercus,b1-p2-c1
37,b1-p2-c1-a3,quercus,b1-p2-c1
38,b1-p2-c1-b3,quercus,b1-p2-c1
39,b1-p2-c1-a4,quercus,b1-p2-c1
40,b1-p2-c1-b4,quercus,b1-p2-c1
41,b1-p2-c2-a1,fagus,b1-p2-c2
42,b1-p2-c2-b1,quercus,b1-p2-c2
43,b1-p2-c2-a2,quercus,b1-p2-c2
44,b1-p2-c2-b2,fagus,b1-p2-c2
45,b1-p2-c2-a3,fagus,b1-p2-c2
46,b1-p2-c2-b3,quercus,b1-p2-c2
47,b1-p2-c2-a4,quercus,b1-p2-c2
48,b1-p2-c2-b4,fagus,b1-p2-c2
49,b1-p2-c3-a1,fagus,b1-p2-c3
50,b1-p2-c3-b1,fagus,b1-p2-c3
51,b1-p2-c3-a2,fagus,b1-p2-c3
52,b1-p2-c3-b2,fagus,b1-p2-c3
53,b1-p2-c3-a3,fagus,b1-p2-c3
54,b1-p2-c3-b3,fagus,b1-p2-c3
55,b1-p2-c3-a4,fagus,b1-p2-c3
56,b1-p2-c3-b4,fagus,b1-p2-c3
57,b1-p2-c4-a1,quercus,b1-p2-c4
58,b1-p2-c4-b1,quercus,b1-p2-c4
59,b1-p2-c4-a2,quercus,b1-p2-c4
60,b1-p2-c4-b2,quercus,b1-p2-c4
61,b1-p2-c4-a3,quercus,b1-p2-c4
62,b1-p2-c4-b3,quercus,b1-p2-c4
63,b1-p2-c4-a4,quercus,b1-p2-c4
64,b1-p2-c4-b4,quercus,b1-p2-c4
65,b1-p3-c1-a1,quercus,b1-p3-c1
66,b1-p3-c1-b1,quercus,b1-p3-c1
67,b1-p3-c1-a2,quercus,b1-p3-c1
68,b1-p3-c1-b2,quercus,b1-p3-c1
69,b1-p3-c1-a3,quercus,b1-p3-c1
70,b1-p3-c1-b3,quercus,b1-p3-c1
71,b1-p3-c1-a4,quercus,b1-p3-c1
72,b1-p3-c1-b4,quercus,b1-p3-c1
73,b1-p3-c2-a1,fagus,b1-p3-c2
74,b1-p3-c2-b1,fagus,b1-p3-c2
75,b1-p3-c2-a2,fagus,b1-p3-c2
76,b1-p3-c2-b2,fagus,b1-p3-c2
77,b1-p3-c2-a3,fagus,b1-p3-c2
78,b1-p3-c2-b3,fagus,b1-p3-c2
79,b1-p3-c2-a4,fagus,b1-p3-c2
80,b1-p3-c2-b4,fagus,b1-p3-c2
81,b1-p3-c3-a1,fagus,b1-p3-c3
82,b1-p3-c3-b1,quercus,b1-p3-c3
83,b1-p3-c3-a2,quercus,b1-p3-c3
84,b1-p3-c3-b2,fagus,b1-p3-c3
85,b1-p3-c3-a3,fagus,b1-p3-c3
86,b1-p3-c3-b3,quercus,b1-p3-c3
87,b1-p3-c3-a4,quercus,b1-p3-c3
88,b1-p3-c3-b4,fagus,b1-p3-c3
89,b1-p3-c4-a1,fagus,b1-p3-c4
90,b1-p3-c4-b1,fagus,b1-p3-c4
91,b1-p3-c4-a2,fagus,b1-p3-c4
92,b1-p3-c4-b2,fagus,b1-p3-c4
93,b1-p3-c4-a3,fagus,b1-p3-c4
94,b1-p3-c4-b3,fagus,b1-p3-c4
95,b1-p3-c4-a4,fagus,b1-p3-c4
96,b1-p3-c4-b4,fagus,b1-p3-c4
97,b1-p4-c1-a1,fagus,b1-p4-c1
98,b1-p4-c1-b1,quercus,b1-p4-c1
99,b1-p4-c1-a2,quercus,b1-p4-c1
100,b1-p4-c1-b2,fagus,b1-p4-c1
101,b1-p4-c1-a3,fagus,b1-p4-c1
102,b1-p4-c1-b3,quercus,b1-p4-c1
103,b1-p4-c1-a4,quercus,b1-p4-c1
104,b1-p4-c1-b4,fagus,b1-p4-c1
105,b1-p4-c2-a1,fagus,b1-p4-c2
106,b1-p4-c2-b1,fagus,b1-p4-c2
107,b1-p4-c2-a2,fagus,b1-p4-c2
108,b1-p4-c2-b2,fagus,b1-p4-c2
109,b1-p4-c2-a3,fagus,b1-p4-c2
110,b1-p4-c2-b3,fagus,b1-p4-c2
111,b1-p4-c2-a4,fagus,b1-p4-c2
112,b1-p4-c2-b4,fagus,b1-p4-c2
113,b1-p4-c3-a1,quercus,b1-p4-c3
114,b1-p4-c3-b1,quercus,b1-p4-c3
115,b1-p4-c3-a2,quercus,b1-p4-c3
116,b1-p4-c3-b2,quercus,b1-p4-c3
117,b1-p4-c3-a3,quercus,b1-p4-c3
118,b1-p4-c3-b3,quercus,b1-p4-c3
119,b1-p4-c3-a4,quercus,b1-p4-c3
120,b1-p4-c3-b4,quercus,b1-p4-c3
121,b1-p4-c4-a1,fagus,b1-p4-c4
122,b1-p4-c4-b1,quercus,b1-p4-c4
123,b1-p4-c4-a2,quercus,b1-p4-c4
124,b1-p4-c4-b2,fagus,b1-p4-c4
125,b1-p4-c4-a3,fagus,b1-p4-c4
126,b1-p4-c4-b3,quercus,b1-p4-c4
127,b1-p4-c4-a4,quercus,b1-p4-c4
128,b1-p4-c4-b4,fagus,b1-p4-c4
129,b1-p5-c1-a1,quercus,b1-p5-c1
130,b1-p5-c1-b1,quercus,b1-p5-c1
131,b1-p5-c1-a2,quercus,b1-p5-c1
132,b1-p5-c1-b2,quercus,b1-p5-c1
133,b1-p5-c1-a3,quercus,b1-p5-c1
134,b1-p5-c1-b3,quercus,b1-p5-c1
135,b1-p5-c1-a4,quercus,b1-p5-c1
136,b1-p5-c1-b4,quercus,b1-p5-c1
137,b1-p5-c2-a1,fagus,b1-p5-c2
138,b1-p5-c2-b1,quercus,b1-p5-c2
139,b1-p5-c2-a2,quercus,b1-p5-c2
140,b1-p5-c2-b2,fagus,b1-p5-c2
141,b1-p5-c2-a3,fagus,b1-p5-c2
142,b1-p5-c2-b3,quercus,b1-p5-c2
143,b1-p5-c2-a4,quercus,b1-p5-c2
144,b1-p5-c2-b4,fagus,b1-p5-c2
145,b1-p5-c3-a1,fagus,b1-p5-c3
146,b1-p5-c3-b1,fagus,b1-p5-c3
147,b1-p5-c3-a2,fagus,b1-p5-c3
148,b1-p5-c3-b2,fagus,b1-p5-c3
149,b1-p5-c3-a3,fagus,b1-p5-c3
150,b1-p5-c3-b3,fagus,b1-p5-c3
151,b1-p5-c3-a4,fagus,b1-p5-c3
152,b1-p5-c3-b4,fagus,b1-p5-c3
153,b1-p5-c4-a1,quercus,b1-p5-c4
154,b1-p5-c4-b1,quercus,b1-p5-c4
155,b1-p5-c4-a2,quercus,b1-p5-c4
156,b1-p5-c4-b2,quercus,b1-p5-c4
157,b1-p5-c4-a3,quercus,b1-p5-c4
158,b1-p5-c4-b3,quercus,b1-p5-c4
159,b1-p5-c4-a4,quercus,b1-p5-c4
160,b1-p5-c4-b4,quercus,b1-p5-c4
161,b1-p6-c1-a1,fagus,b1-p6-c1
162,b1-p6-c1-b1,fagus,b1-p6-c1
163,b1-p6-c1-a2,fagus,b1-p6-c1
164,b1-p6-c1-b2,fagus,b1-p6-c1
165,b1-p6-c1-a3,fagus,b1-p6-c1
166,b1-p6-c1-b3,fagus,b1-p6-c1
167,b1-p6-c1-a4,fagus,b1-p6-c1
168,b1-p6-c1-b4,fagus,b1-p6-c1
169,b1-p6-c2-a1,quercus,b1-p6-c2
170,b1-p6-c2-b1,quercus,b1-p6-c2
171,b1-p6-c2-a2,quercus,b1-p6-c2
172,b1-p6-c2-b2,quercus,b1-p6-c2
173,b1-p6-c2-a3,quercus,b1-p6-c2
174,b1-p6-c2-b3,quercus,b1-p6-c2
175,b1-p6-c2-a4,quercus,b1-p6-c2
176,b1-p6-c2-b4,quercus,b1-p6-c2
177,b1-p6-c3-a1,fagus,b1-p6-c3
178,b1-p6-c3-b1,quercus,b1-p6-c3
179,b1-p6-c3-a2,quercus,b1-p6-c3
180,b1-p6-c3-b2,fagus,b1-p6-c3
181,b1-p6-c3-a3,fagus,b1-p6-c3
182,b1-p6-c3-b3,quercus,b1-p6-c3
183,b1-p6-c3-a4,quercus,b1-p6-c3
184,b1-p6-c3-b4,fagus,b1-p6-c3
185,b1-p6-c4-a1,quercus,b1-p6-c4
186,b1-p6-c4-b1,quercus,b1-p6-c4
187,b1-p6-c4-a2,quercus,b1-p6-c4
188,b1-p6-c4-b2,quercus,b1-p6-c4
189,b1-p6-c4-a3,quercus,b1-p6-c4
190,b1-p6-c4-b3,quercus,b1-p6-c4
191,b1-p6-c4-a4,quercus,b1-p6-c4
192,b1-p6-c4-b4,quercus,b1-p6-c4
193,b2-p1-c1-a1,fagus,b2-p1-c1
194,b2-p1-c1-b1,fagus,b2-p1-c1
195,b2-p1-c1-a2,fagus,b2-p1-c1
196,b2-p1-c1-b2,fagus,b2-p1-c1
197,b2-p1-c1-a3,fagus,b2-p1-c1
198,b2-p1-c1-b3,fagus,b2-p1-c1
199,b2-p1-c1-a4,fagus,b2-p1-c1
200,b2-p1-c1-b4,fagus,b2-p1-c1
201,b2-p1-c2-a1,fagus,b2-p1-c2
202,b2-p1-c2-b1,fagus,b2-p1-c2
203,b2-p1-c2-a2,fagus,b2-p1-c2
204,b2-p1-c2-b2,fagus,b2-p1-c2
205,b2-p1-c2-a3,fagus,b2-p1-c2
206,b2-p1-c2-b3,fagus,b2-p1-c2
207,b2-p1-c2-a4,fagus,b2-p1-c2
208,b2-p1-c2-b4,fagus,b2-p1-c2
209,b2-p1-c3-a1,fagus,b2-p1-c3
210,b2-p1-c3-b1,quercus,b2-p1-c3
211,b2-p1-c3-a2,quercus,b2-p1-c3
212,b2-p1-c3-b2,fagus,b2-p1-c3
213,b2-p1-c3-a3,fagus,b2-p1-c3
214,b2-p1-c3-b3,quercus,b2-p1-c3
215,b2-p1-c3-a4,quercus,b2-p1-c3
216,b2-p1-c3-b4,fagus,b2-p1-c3
217,b2-p1-c4-a1,fagus,b2-p1-c4
218,b2-p1-c4-b1,quercus,b2-p1-c4
219,b2-p1-c4-a2,quercus,b2-p1-c4
220,b2-p1-c4-b2,fagus,b2-p1-c4
221,b2-p1-c4-a3,fagus,b2-p1-c4
222,b2-p1-c4-b3,quercus,b2-p1-c4
223,b2-p1-c4-a4,quercus,b2-p1-c4
224,b2-p1-c4-b4,fagus,b2-p1-c4
225,b2-p2-c1-a1,fagus,b2-p2-c1
226,b2-p2-c1-b1,fagus,b2-p2-c1
227,b2-p2-c1-a2,fagus,b2-p2-c1
228,b2-p2-c1-b2,fagus,b2-p2-c1
229,b2-p2-c1-a3,fagus,b2-p2-c1
230,b2-p2-c1-b3,fagus,b2-p2-c1
231,b2-p2-c1-a4,fagus,b2-p2-c1
232,b2-p2-c1-b4,fagus,b2-p2-c1
233,b2-p2-c2-a1,fagus,b2-p2-c2
234,b2-p2-c2-b1,quercus,b2-p2-c2
235,b2-p2-c2-a2,quercus,b2-p2-c2
236,b2-p2-c2-b2,fagus,b2-p2-c2
237,b2-p2-c2-a3,fagus,b2-p2-c2
238,b2-p2-c2-b3,quercus,b2-p2-c2
239,b2-p2-c2-a4,quercus,b2-p2-c2
240,b2-p2-c2-b4,fagus,b2-p2-c2
241,b2-p2-c3-a1,fagus,b2-p2-c3
242,b2-p2-c3-b1,quercus,b2-p2-c3
243,b2-p2-c3-a2,quercus,b2-p2-c3
244,b2-p2-c3-b2,fagus,b2-p2-c3
245,b2-p2-c3-a3,fagus,b2-p2-c3
246,b2-p2-c3-b3,quercus,b2-p2-c3
247,b2-p2-c3-a4,quercus,b2-p2-c3
248,b2-p2-c3-b4,fagus,b2-p2-c3
249,b2-p2-c4-a1,quercus,b2-p2-c4
250,b2-p2-c4-b1,quercus,b2-p2-c4
251,b2-p2-c4-a2,quercus,b2-p2-c4
252,b2-p2-c4-b2,quercus,b2-p2-c4
253,b2-p2-c4-a3,quercus,b2-p2-c4
254,b2-p2-c4-b3,quercus,b2-p2-c4
255,b2-p2-c4-a4,quercus,b2-p2-c4
256,b2-p2-c4-b4,quercus,b2-p2-c4
257,b2-p3-c1-a1,quercus,b2-p3-c1
258,b2-p3-c1-b1,quercus,b2-p3-c1
259,b2-p3-c1-a2,quercus,b2-p3-c1
260,b2-p3-c1-b2,quercus,b2-p3-c1
261,b2-p3-c1-a3,quercus,b2-p3-c1
262,b2-p3-c1-b3,quercus,b2-p3-c1
263,b2-p3-c1-a4,quercus,b2-p3-c1
264,b2-p3-c1-b4,quercus,b2-p3-c1
265,b2-p3-c2-a1,quercus,b2-p3-c2
266,b2-p3-c2-b1,quercus,b2-p3-c2
267,b2-p3-c2-a2,quercus,b2-p3-c2
268,b2-p3-c2-b2,quercus,b2-p3-c2
269,b2-p3-c2-a3,quercus,b2-p3-c2
270,b2-p3-c2-b3,quercus,b2-p3-c2
271,b2-p3-c2-a4,quercus,b2-p3-c2
272,b2-p3-c2-b4,quercus,b2-p3-c2
273,b2-p3-c3-a1,fagus,b2-p3-c3
274,b2-p3-c3-b1,fagus,b2-p3-c3
275,b2-p3-c3-a2,fagus,b2-p3-c3
276,b2-p3-c3-b2,fagus,b2-p3-c3
277,b2-p3-c3-a3,fagus,b2-p3-c3
278,b2-p3-c3-b3,fagus,b2-p3-c3
279,b2-p3-c3-a4,fagus,b2-p3-c3
280,b2-p3-c3-b4,fagus,b2-p3-c3
281,b2-p3-c4-a1,quercus,b2-p3-c4
282,b2-p3-c4-b1,quercus,b2-p3-c4
283,b2-p3-c4-a2,quercus,b2-p3-c4
284,b2-p3-c4-b2,quercus,b2-p3-c4
285,b2-p3-c4-a3,quercus,b2-p3-c4
286,b2-p3-c4-b3,quercus,b2-p3-c4
287,b2-p3-c4-a4,quercus,b2-p3-c4
288,b2-p3-c4-b4,quercus,b2-p3-c4
289,b2-p4-c1-a1,quercus,b2-p4-c1
290,b2-p4-c1-b1,quercus,b2-p4-c1
291,b2-p4-c1-a2,quercus,b2-p4-c1
292,b2-p4-c1-b2,quercus,b2-p4-c1
293,b2-p4-c1-a3,quercus,b2-p4-c1
294,b2-p4-c1-b3,quercus,b2-p4-c1
295,b2-p4-c1-a4,quercus,b2-p4-c1
296,b2-p4-c1-b4,quercus,b2-p4-c1
297,b2-p4-c2-a1,fagus,b2-p4-c2
298,b2-p4-c2-b1,quercus,b2-p4-c2
299,b2-p4-c2-a2,quercus,b2-p4-c2
300,b2-p4-c2-b2,fagus,b2-p4-c2
301,b2-p4-c2-a3,fagus,b2-p4-c2
302,b2-p4-c2-b3,quercus,b2-p4-c2
303,b2-p4-c2-a4,quercus,b2-p4-c2
304,b2-p4-c2-b4,fagus,b2-p4-c2
305,b2-p4-c3-a1,fagus,b2-p4-c3
306,b2-p4-c3-b1,fagus,b2-p4-c3
307,b2-p4-c3-a2,fagus,b2-p4-c3
308,b2-p4-c3-b2,fagus,b2-p4-c3
309,b2-p4-c3-a3,fagus,b2-p4-c3
310,b2-p4-c3-b3,fagus,b2-p4-c3
311,b2-p4-c3-a4,fagus,b2-p4-c3
312,b2-p4-c3-b4,fagus,b2-p4-c3
313,b2-p4-c4-a1,quercus,b2-p4-c4
314,b2-p4-c4-b1,quercus,b2-p4-c4
315,b2-p4-c4-a2,quercus,b2-p4-c4
316,b2-p4-c4-b2,quercus,b2-p4-c4
317,b2-p4-c4-a3,quercus,b2-p4-c4
318,b2-p4-c4-b3,quercus,b2-p4-c4
319,b2-p4-c4-a4,quercus,b2-p4-c4
320,b2-p4-c4-b4,quercus,b2-p4-c4
321,b2-p5-c1-a1,fagus,b2-p5-c1
322,b2-p5-c1-b1,fagus,b2-p5-c1
323,b2-p5-c1-a2,fagus,b2-p5-c1
324,b2-p5-c1-b2,fagus,b2-p5-c1
325,b2-p5-c1-a3,fagus,b2-p5-c1
326,b2-p5-c1-b3,fagus,b2-p5-c1
327,b2-p5-c1-a4,fagus,b2-p5-c1
328,b2-p5-c1-b4,fagus,b2-p5-c1
329,b2-p5-c2-a1,quercus,b2-p5-c2
330,b2-p5-c2-b1,quercus,b2-p5-c2
331,b2-p5-c2-a2,quercus,b2-p5-c2
332,b2-p5-c2-b2,quercus,b2-p5-c2
333,b2-p5-c2-a3,quercus,b2-p5-c2
334,b2-p5-c2-b3,quercus,b2-p5-c2
335,b2-p5-c2-a4,quercus,b2-p5-c2
336,b2-p5-c2-b4,quercus,b2-p5-c2
337,b2-p5-c3-a1,fagus,b2-p5-c3
338,b2-p5-c3-b1,quercus,b2-p5-c3
339,b2-p5-c3-a2,quercus,b2-p5-c3
340,b2-p5-c3-b2,fagus,b2-p5-c3
341,b2-p5-c3-a3,fagus,b2-p5-c3
342,b2-p5-c3-b3,quercus,b2-p5-c3
343,b2-p5-c3-a4,quercus,b2-p5-c3
344,b2-p5-c3-b4,fagus,b2-p5-c3
345,b2-p5-c4-a1,fagus,b2-p5-c4
346,b2-p5-c4-b1,fagus,b2-p5-c4
347,b2-p5-c4-a2,fagus,b2-p5-c4
348,b2-p5-c4-b2,fagus,b2-p5-c4
349,b2-p5-c4-a3,fagus,b2-p5-c4
350,b2-p5-c4-b3,fagus,b2-p5-c4
351,b2-p5-c4-a4,fagus,b2-p5-c4
352,b2-p5-c4-b4,fagus,b2-p5-c4
353,b2-p6-c1-a1,fagus,b2-p6-c1
354,b2-p6-c1-b1,fagus,b2-p6-c1
355,b2-p6-c1-a2,fagus,b2-p6-c1
356,b2-p6-c1-b2,fagus,b2-p6-c1
357,b2-p6-c1-a3,fagus,b2-p6-c1
358,b2-p6-c1-b3,fagus,b2-p6-c1
359,b2-p6-c1-a4,fagus,b2-p6-c1
360,b2-p6-c1-b4,fagus,b2-p6-c1
361,b2-p6-c2-a1,fagus,b2-p6-c2
362,b2-p6-c2-b1,quercus,b2-p6-c2
363,b2-p6-c2-a2,quercus,b2-p6-c2
364,b2-p6-c2-b2,fagus,b2-p6-c2
365,b2-p6-c2-a3,fagus,b2-p6-c2
366,b2-p6-c2-b3,quercus,b2-p6-c2
367,b2-p6-c2-a4,quercus,b2-p6-c2
368,b2-p6-c2-b4,fagus,b2-p6-c2
369,b2-p6-c3-a1,fagus,b2-p6-c3
370,b2-p6-c3-b1,quercus,b2-p6-c3
371,b2-p6-c3-a2,quercus,b2-p6-c3
372,b2-p6-c3-b2,fagus,b2-p6-c3
373,b2-p6-c3-a3,fagus,b2-p6-c3
374,b2-p6-c3-b3,quercus,b2-p6-c3
375,b2-p6-c3-a4,quercus,b2-p6-c3
376,b2-p6-c3-b4,fagus,b2-p6-c3
377,b2-p6-c4-a1,quercus,b2-p6-c4
378,b2-p6-c4-b1,quercus,b2-p6-c4
379,b2-p6-c4-a2,quercus,b2-p6-c4
380,b2-p6-c4-b2,quercus,b2-p6-c4
381,b2-p6-c4-a3,quercus,b2-p6-c4
382,b2-p6-c4-b3,quercus,b2-p6-c4
383,b2-p6-c4-a4,quercus,b2-p6-c4
384,b2-p6-c4-b4,quercus,b2-p6-c4
385,b3-p1-c1-a1,fagus,b3-p1-c1
386,b3-p1-c1-b1,fagus,b3-p1-c1
387,b3-p1-c1-a2,fagus,b3-p1-c1
388,b3-p1-c1-b2,fagus,b3-p1-c1
389,b3-p1-c1-a3,fagus,b3-p1-c1
390,b3-p1-c1-b3,fagus,b3-p1-c1
391,b3-p1-c1-a4,fagus,b3-p1-c1
392,b3-p1-c1-b4,fagus,b3-p1-c1
393,b3-p1-c2-a1,quercus,b3-p1-c2
394,b3-p1-c2-b1,quercus,b3-p1-c2
395,b3-p1-c2-a2,quercus,b3-p1-c2
396,b3-p1-c2-b2,quercus,b3-p1-c2
397,b3-p1-c2-a3,quercus,b3-p1-c2
398,b3-p1-c2-b3,quercus,b3-p1-c2
399,b3-p1-c2-a4,quercus,b3-p1-c2
400,b3-p1-c2-b4,quercus,b3-p1-c2
401,b3-p1-c3-a1,fagus,b3-p1-c3
402,b3-p1-c3-b1,quercus,b3-p1-c3
403,b3-p1-c3-a2,quercus,b3-p1-c3
404,b3-p1-c3-b2,fagus,b3-p1-c3
405,b3-p1-c3-a3,fagus,b3-p1-c3
406,b3-p1-c3-b3,quercus,b3-p1-c3
407,b3-p1-c3-a4,quercus,b3-p1-c3
408,b3-p1-c3-b4,fagus,b3-p1-c3
409,b3-p1-c4-a1,fagus,b3-p1-c4
410,b3-p1-c4-b1,quercus,b3-p1-c4
411,b3-p1-c4-a2,quercus,b3-p1-c4
412,b3-p1-c4-b2,fagus,b3-p1-c4
413,b3-p1-c4-a3,fagus,b3-p1-c4
414,b3-p1-c4-b3,quercus,b3-p1-c4
415,b3-p1-c4-a4,quercus,b3-p1-c4
416,b3-p1-c4-b4,fagus,b3-p1-c4
417,b3-p2-c1-a1,fagus,b3-p2-c1
418,b3-p2-c1-b1,fagus,b3-p2-c1
419,b3-p2-c1-a2,fagus,b3-p2-c1
420,b3-p2-c1-b2,fagus,b3-p2-c1
421,b3-p2-c1-a3,fagus,b3-p2-c1
422,b3-p2-c1-b3,fagus,b3-p2-c1
423,b3-p2-c1-a4,fagus,b3-p2-c1
424,b3-p2-c1-b4,fagus,b3-p2-c1
425,b3-p2-c2-a1,fagus,b3-p2-c2
426,b3-p2-c2-b1,quercus,b3-p2-c2
427,b3-p2-c2-a2,quercus,b3-p2-c2
428,b3-p2-c2-b2,fagus,b3-p2-c2
429,b3-p2-c2-a3,fagus,b3-p2-c2
430,b3-p2-c2-b3,quercus,b3-p2-c2
431,b3-p2-c2-a4,quercus,b3-p2-c2
432,b3-p2-c2-b4,fagus,b3-p2-c2
433,b3-p2-c3-a1,fagus,b3-p2-c3
434,b3-p2-c3-b1,quercus,b3-p2-c3
435,b3-p2-c3-a2,quercus,b3-p2-c3
436,b3-p2-c3-b2,fagus,b3-p2-c3
437,b3-p2-c3-a3,fagus,b3-p2-c3
438,b3-p2-c3-b3,quercus,b3-p2-c3
439,b3-p2-c3-a4,quercus,b3-p2-c3
440,b3-p2-c3-b4,fagus,b3-p2-c3
441,b3-p2-c4-a1,quercus,b3-p2-c4
442,b3-p2-c4-b1,quercus,b3-p2-c4
443,b3-p2-c4-a2,quercus,b3-p2-c4
444,b3-p2-c4-b2,quercus,b3-p2-c4
445,b3-p2-c4-a3,quercus,b3-p2-c4
446,b3-p2-c4-b3,quercus,b3-p2-c4
447,b3-p2-c4-a4,quercus,b3-p2-c4
448,b3-p2-c4-b4,quercus,b3-p2-c4
449,b3-p3-c1-a1,quercus,b3-p3-c1
450,b3-p3-c1-b1,quercus,b3-p3-c1
451,b3-p3-c1-a2,quercus,b3-p3-c1
452,b3-p3-c1-b2,quercus,b3-p3-c1
453,b3-p3-c1-a3,quercus,b3-p3-c1
454,b3-p3-c1-b3,quercus,b3-p3-c1
455,b3-p3-c1-a4,quercus,b3-p3-c1
456,b3-p3-c1-b4,quercus,b3-p3-c1
457,b3-p3-c2-a1,fagus,b3-p3-c2
458,b3-p3-c2-b1,fagus,b3-p3-c2
459,b3-p3-c2-a2,fagus,b3-p3-c2
460,b3-p3-c2-b2,fagus,b3-p3-c2
461,b3-p3-c2-a3,fagus,b3-p3-c2
462,b3-p3-c2-b3,fagus,b3-p3-c2
463,b3-p3-c2-a4,fagus,b3-p3-c2
464,b3-p3-c2-b4,fagus,b3-p3-c2
465,b3-p3-c3-a1,quercus,b3-p3-c3
466,b3-p3-c3-b1,quercus,b3-p3-c3
467,b3-p3-c3-a2,quercus,b3-p3-c3
468,b3-p3-c3-b2,quercus,b3-p3-c3
469,b3-p3-c3-a3,quercus,b3-p3-c3
470,b3-p3-c3-b3,quercus,b3-p3-c3
471,b3-p3-c3-a4,quercus,b3-p3-c3
472,b3-p3-c3-b4,quercus,b3-p3-c3
473,b3-p3-c4-a1,fagus,b3-p3-c4
474,b3-p3-c4-b1,fagus,b3-p3-c4
475,b3-p3-c4-a2,fagus,b3-p3-c4
476,b3-p3-c4-b2,fagus,b3-p3-c4
477,b3-p3-c4-a3,fagus,b3-p3-c4
478,b3-p3-c4-b3,fagus,b3-p3-c4
479,b3-p3-c4-a4,fagus,b3-p3-c4
480,b3-p3-c4-b4,fagus,b3-p3-c4
481,b3-p4-c1-a1,fagus,b3-p4-c1
482,b3-p4-c1-b1,fagus,b3-p4-c1
483,b3-p4-c1-a2,fagus,b3-p4-c1
484,b3-p4-c1-b2,fagus,b3-p4-c1
485,b3-p4-c1-a3,fagus,b3-p4-c1
486,b3-p4-c1-b3,fagus,b3-p4-c1
487,b3-p4-c1-a4,fagus,b3-p4-c1
488,b3-p4-c1-b4,fagus,b3-p4-c1
489,b3-p4-c2-a1,quercus,b3-p4-c2
490,b3-p4-c2-b1,quercus,b3-p4-c2
491,b3-p4-c2-a2,quercus,b3-p4-c2
492,b3-p4-c2-b2,quercus,b3-p4-c2
493,b3-p4-c2-a3,quercus,b3-p4-c2
494,b3-p4-c2-b3,quercus,b3-p4-c2
495,b3-p4-c2-a4,quercus,b3-p4-c2
496,b3-p4-c2-b4,quercus,b3-p4-c2
497,b3-p4-c3-a1,fagus,b3-p4-c3
498,b3-p4-c3-b1,quercus,b3-p4-c3
499,b3-p4-c3-a2,quercus,b3-p4-c3
500,b3-p4-c3-b2,fagus,b3-p4-c3
501,b3-p4-c3-a3,fagus,b3-p4-c3
502,b3-p4-c3-b3,quercus,b3-p4-c3
503,b3-p4-c3-a4,quercus,b3-p4-c3
504,b3-p4-c3-b4,fagus,b3-p4-c3
505,b3-p4-c4-a1,quercus,b3-p4-c4
506,b3-p4-c4-b1,fagus,b3-p4-c4
507,b3-p4-c4-a2,fagus,b3-p4-c4
508,b3-p4-c4-b2,quercus,b3-p4-c4
509,b3-p4-c4-a3,quercus,b3-p4-c4
510,b3-p4-c4-b3,fagus,b3-p4-c4
511,b3-p4-c4-a4,fagus,b3-p4-c4
512,b3-p4-c4-b4,quercus,b3-p4-c4
513,b3-p5-c1-a1,quercus,b3-p5-c1
514,b3-p5-c1-b1,quercus,b3-p5-c1
515,b3-p5-c1-a2,quercus,b3-p5-c1
516,b3-p5-c1-b2,quercus,b3-p5-c1
517,b3-p5-c1-a3,quercus,b3-p5-c1
518,b3-p5-c1-b3,quercus,b3-p5-c1
519,b3-p5-c1-a4,quercus,b3-p5-c1
520,b3-p5-c1-b4,quercus,b3-p5-c1
521,b3-p5-c2-a1,fagus,b3-p5-c2
522,b3-p5-c2-b1,fagus,b3-p5-c2
523,b3-p5-c2-a2,fagus,b3-p5-c2
524,b3-p5-c2-b2,fagus,b3-p5-c2
525,b3-p5-c2-a3,fagus,b3-p5-c2
526,b3-p5-c2-b3,fagus,b3-p5-c2
527,b3-p5-c2-a4,fagus,b3-p5-c2
528,b3-p5-c2-b4,fagus,b3-p5-c2
529,b3-p5-c3-a1,fagus,b3-p5-c3
530,b3-p5-c3-b1,fagus,b3-p5-c3
531,b3-p5-c3-a2,fagus,b3-p5-c3
532,b3-p5-c3-b2,fagus,b3-p5-c3
533,b3-p5-c3-a3,fagus,b3-p5-c3
534,b3-p5-c3-b3,fagus,b3-p5-c3
535,b3-p5-c3-a4,fagus,b3-p5-c3
536,b3-p5-c3-b4,fagus,b3-p5-c3
537,b3-p5-c4-a1,quercus,b3-p5-c4
538,b3-p5-c4-b1,quercus,b3-p5-c4
539,b3-p5-c4-a2,quercus,b3-p5-c4
540,b3-p5-c4-b2,quercus,b3-p5-c4
541,b3-p5-c4-a3,quercus,b3-p5-c4
542,b3-p5-c4-b3,quercus,b3-p5-c4
543,b3-p5-c4-a4,quercus,b3-p5-c4
544,b3-p5-c4-b4,quercus,b3-p5-c4
545,b3-p6-c1-a1,fagus,b3-p6-c1
546,b3-p6-c1-b1,quercus,b3-p6-c1
547,b3-p6-c1-a2,quercus,b3-p6-c1
548,b3-p6-c1-b2,fagus,b3-p6-c1
549,b3-p6-c1-a3,fagus,b3-p6-c1
550,b3-p6-c1-b3,quercus,b3-p6-c1
551,b3-p6-c1-a4,quercus,b3-p6-c1
552,b3-p6-c1-b4,fagus,b3-p6-c1
553,b3-p6-c2-a1,fagus,b3-p6-c2
554,b3-p6-c2-b1,fagus,b3-p6-c2
555,b3-p6-c2-a2,fagus,b3-p6-c2
556,b3-p6-c2-b2,fagus,b3-p6-c2
557,b3-p6-c2-a3,fagus,b3-p6-c2
558,b3-p6-c2-b3,fagus,b3-p6-c2
559,b3-p6-c2-a4,fagus,b3-p6-c2
560,b3-p6-c2-b4,fagus,b3-p6-c2
561,b3-p6-c3-a1,fagus,b3-p6-c3
562,b3-p6-c3-b1,quercus,b3-p6-c3
563,b3-p6-c3-a2,quercus,b3-p6-c3
564,b3-p6-c3-b2,fagus,b3-p6-c3
565,b3-p6-c3-a3,fagus,b3-p6-c3
566,b3-p6-c3-b3,quercus,b3-p6-c3
567,b3-p6-c3-a4,quercus,b3-p6-c3
568,b3-p6-c3-b4,fagus,b3-p6-c3
569,b3-p6-c4-a1,quercus,b3-p6-c4
570,b3-p6-c4-b1,quercus,b3-p6-c4
571,b3-p6-c4-a2,quercus,b3-p6-c4
572,b3-p6-c4-b2,quercus,b3-p6-c4
573,b3-p6-c4-a3,quercus,b3-p6-c4
574,b3-p6-c4-b3,quercus,b3-p6-c4
575,b3-p6-c4-a4,quercus,b3-p6-c4
576,b3-p6-c4-b4,quercus,b3-p6-c4
601,b1-p1-c3-d1,robinia,b1-p1-c3
602,b1-p1-c3-e1,robinia,b1-p1-c3
603,b1-p1-c3-f1,robinia,b1-p1-c3
604,b1-p1-c3-d2,robinia,b1-p1-c3
605,b1-p1-c3-e2,robinia,b1-p1-c3
606,b1-p1-c3-f2,robinia,b1-p1-c3
607,b1-p1-c4-d1,robinia,b1-p1-c4
608,b1-p1-c4-e1,robinia,b1-p1-c4
609,b1-p1-c4-f1,robinia,b1-p1-c4
610,b1-p1-c4-d2,robinia,b1-p1-c4
611,b1-p1-c4-e2,robinia,b1-p1-c4
612,b1-p1-c4-f2,robinia,b1-p1-c4
613,b1-p2-c1-d1,robinia,b1-p2-c1
614,b1-p2-c1-e1,robinia,b1-p2-c1
615,b1-p2-c1-f1,robinia,b1-p2-c1
616,b1-p2-c1-d2,robinia,b1-p2-c1
617,b1-p2-c1-e2,robinia,b1-p2-c1
618,b1-p2-c1-f2,robinia,b1-p2-c1
619,b1-p2-c3-d1,robinia,b1-p2-c3
620,b1-p2-c3-e1,robinia,b1-p2-c3
621,b1-p2-c3-f1,robinia,b1-p2-c3
622,b1-p2-c3-d2,robinia,b1-p2-c3
623,b1-p2-c3-e2,robinia,b1-p2-c3
624,b1-p2-c3-f2,robinia,b1-p2-c3
625,b1-p3-c3-d1,robinia,b1-p3-c3
626,b1-p3-c3-e1,robinia,b1-p3-c3
627,b1-p3-c3-f1,robinia,b1-p3-c3
628,b1-p3-c3-d2,robinia,b1-p3-c3
629,b1-p3-c3-e2,robinia,b1-p3-c3
630,b1-p3-c3-f2,robinia,b1-p3-c3
631,b1-p3-c4-d1,robinia,b1-p3-c4
632,b1-p3-c4-e1,robinia,b1-p3-c4
633,b1-p3-c4-f1,robinia,b1-p3-c4
634,b1-p3-c4-d2,robinia,b1-p3-c4
635,b1-p3-c4-e2,robinia,b1-p3-c4
636,b1-p3-c4-f2,robinia,b1-p3-c4
637,b1-p4-c2-d1,robinia,b1-p4-c2
638,b1-p4-c2-e1,robinia,b1-p4-c2
639,b1-p4-c2-f1,robinia,b1-p4-c2
640,b1-p4-c2-d2,robinia,b1-p4-c2
641,b1-p4-c2-e2,robinia,b1-p4-c2
642,b1-p4-c2-f2,robinia,b1-p4-c2
643,b1-p4-c3-d1,robinia,b1-p4-c3
644,b1-p4-c3-e1,robinia,b1-p4-c3
645,b1-p4-c3-f1,robinia,b1-p4-c3
646,b1-p4-c3-d2,robinia,b1-p4-c3
647,b1-p4-c3-e2,robinia,b1-p4-c3
648,b1-p4-c3-f2,robinia,b1-p4-c3
649,b1-p4-c4-d1,robinia,b1-p4-c4
650,b1-p4-c4-e1,robinia,b1-p4-c4
651,b1-p4-c4-f1,robinia,b1-p4-c4
652,b1-p4-c4-d2,robinia,b1-p4-c4
653,b1-p4-c4-e2,robinia,b1-p4-c4
654,b1-p4-c4-f2,robinia,b1-p4-c4
655,b1-p5-c1-d1,robinia,b1-p5-c1
656,b1-p5-c1-e1,robinia,b1-p5-c1
657,b1-p5-c1-f1,robinia,b1-p5-c1
658,b1-p5-c1-d2,robinia,b1-p5-c1
659,b1-p5-c1-e2,robinia,b1-p5-c1
660,b1-p5-c1-f2,robinia,b1-p5-c1
661,b1-p5-c2-d1,robinia,b1-p5-c2
662,b1-p5-c2-e1,robinia,b1-p5-c2
663,b1-p5-c2-f1,robinia,b1-p5-c2
664,b1-p5-c2-d2,robinia,b1-p5-c2
665,b1-p5-c2-e2,robinia,b1-p5-c2
666,b1-p5-c2-f2,robinia,b1-p5-c2
667,b1-p6-c4-d1,robinia,b1-p6-c4
668,b1-p6-c4-e1,robinia,b1-p6-c4
669,b1-p6-c4-f1,robinia,b1-p6-c4
670,b1-p6-c4-d2,robinia,b1-p6-c4
671,b1-p6-c4-e2,robinia,b1-p6-c4
672,b1-p6-c4-f2,robinia,b1-p6-c4
673,b2-p1-c1-d1,robinia,b2-p1-c1
674,b2-p1-c1-e1,robinia,b2-p1-c1
675,b2-p1-c1-f1,robinia,b2-p1-c1
676,b2-p1-c1-d2,robinia,b2-p1-c1
677,b2-p1-c1-e2,robinia,b2-p1-c1
678,b2-p1-c1-f2,robinia,b2-p1-c1
679,b2-p1-c3-d1,robinia,b2-p1-c3
680,b2-p1-c3-e1,robinia,b2-p1-c3
681,b2-p1-c3-f1,robinia,b2-p1-c3
682,b2-p1-c3-d2,robinia,b2-p1-c3
683,b2-p1-c3-e2,robinia,b2-p1-c3
684,b2-p1-c3-f2,robinia,b2-p1-c3
685,b2-p2-c1-d1,robinia,b2-p2-c1
686,b2-p2-c1-e1,robinia,b2-p2-c1
687,b2-p2-c1-f1,robinia,b2-p2-c1
688,b2-p2-c1-d2,robinia,b2-p2-c1
689,b2-p2-c1-e2,robinia,b2-p2-c1
690,b2-p2-c1-f2,robinia,b2-p2-c1
691,b2-p2-c2-d1,robinia,b2-p2-c2
692,b2-p2-c2-e1,robinia,b2-p2-c2
693,b2-p2-c2-f1,robinia,b2-p2-c2
694,b2-p2-c2-d2,robinia,b2-p2-c2
695,b2-p2-c2-e2,robinia,b2-p2-c2
696,b2-p2-c2-f2,robinia,b2-p2-c2
697,b2-p2-c4-d1,robinia,b2-p2-c4
698,b2-p2-c4-e1,robinia,b2-p2-c4
699,b2-p2-c4-f1,robinia,b2-p2-c4
700,b2-p2-c4-d2,robinia,b2-p2-c4
701,b2-p2-c4-e2,robinia,b2-p2-c4
702,b2-p2-c4-f2,robinia,b2-p2-c4
703,b2-p3-c2-d1,robinia,b2-p3-c2
704,b2-p3-c2-e1,robinia,b2-p3-c2
705,b2-p3-c2-f1,robinia,b2-p3-c2
706,b2-p3-c2-d2,robinia,b2-p3-c2
707,b2-p3-c2-e2,robinia,b2-p3-c2
708,b2-p3-c2-f2,robinia,b2-p3-c2
709,b2-p4-c1-d1,robinia,b2-p4-c1
710,b2-p4-c1-e1,robinia,b2-p4-c1
711,b2-p4-c1-f1,robinia,b2-p4-c1
712,b2-p4-c1-d2,robinia,b2-p4-c1
713,b2-p4-c1-e2,robinia,b2-p4-c1
714,b2-p4-c1-f2,robinia,b2-p4-c1
715,b2-p4-c2-d1,robinia,b2-p4-c2
716,b2-p4-c2-e1,robinia,b2-p4-c2
717,b2-p4-c2-f1,robinia,b2-p4-c2
718,b2-p4-c2-d2,robinia,b2-p4-c2
719,b2-p4-c2-e2,robinia,b2-p4-c2
720,b2-p4-c2-f2,robinia,b2-p4-c2
721,b2-p4-c4-d1,robinia,b2-p4-c4
722,b2-p4-c4-e1,robinia,b2-p4-c4
723,b2-p4-c4-f1,robinia,b2-p4-c4
724,b2-p4-c4-d2,robinia,b2-p4-c4
725,b2-p4-c4-e2,robinia,b2-p4-c4
726,b2-p4-c4-f2,robinia,b2-p4-c4
727,b2-p5-c4-d1,robinia,b2-p5-c4
728,b2-p5-c4-e1,robinia,b2-p5-c4
729,b2-p5-c4-f1,robinia,b2-p5-c4
730,b2-p5-c4-d2,robinia,b2-p5-c4
731,b2-p5-c4-e2,robinia,b2-p5-c4
732,b2-p5-c4-f2,robinia,b2-p5-c4
733,b2-p6-c1-d1,robinia,b2-p6-c1
734,b2-p6-c1-e1,robinia,b2-p6-c1
735,b2-p6-c1-f1,robinia,b2-p6-c1
736,b2-p6-c1-d2,robinia,b2-p6-c1
737,b2-p6-c1-e2,robinia,b2-p6-c1
738,b2-p6-c1-f2,robinia,b2-p6-c1
739,b2-p6-c3-d1,robinia,b2-p6-c3
740,b2-p6-c3-e1,robinia,b2-p6-c3
741,b2-p6-c3-f1,robinia,b2-p6-c3
742,b2-p6-c3-d2,robinia,b2-p6-c3
743,b2-p6-c3-e2,robinia,b2-p6-c3
744,b2-p6-c3-f2,robinia,b2-p6-c3
745,b3-p1-c1-d1,robinia,b3-p1-c1
746,b3-p1-c1-e1,robinia,b3-p1-c1
747,b3-p1-c1-f1,robinia,b3-p1-c1
748,b3-p1-c1-d2,robinia,b3-p1-c1
749,b3-p1-c1-e2,robinia,b3-p1-c1
750,b3-p1-c1-f2,robinia,b3-p1-c1
751,b3-p1-c2-d1,robinia,b3-p1-c2
752,b3-p1-c2-e1,robinia,b3-p1-c2
753,b3-p1-c2-f1,robinia,b3-p1-c2
754,b3-p1-c2-d2,robinia,b3-p1-c2
755,b3-p1-c2-e2,robinia,b3-p1-c2
756,b3-p1-c2-f2,robinia,b3-p1-c2
757,b3-p1-c4-d1,robinia,b3-p1-c4
758,b3-p1-c4-e1,robinia,b3-p1-c4
759,b3-p1-c4-f1,robinia,b3-p1-c4
760,b3-p1-c4-d2,robinia,b3-p1-c4
761,b3-p1-c4-e2,robinia,b3-p1-c4
762,b3-p1-c4-f2,robinia,b3-p1-c4
763,b3-p2-c2-d1,robinia,b3-p2-c2
764,b3-p2-c2-e1,robinia,b3-p2-c2
765,b3-p2-c2-f1,robinia,b3-p2-c2
766,b3-p2-c2-d2,robinia,b3-p2-c2
767,b3-p2-c2-e2,robinia,b3-p2-c2
768,b3-p2-c2-f2,robinia,b3-p2-c2
769,b3-p2-c4-d1,robinia,b3-p2-c4
770,b3-p2-c4-e1,robinia,b3-p2-c4
771,b3-p2-c4-f1,robinia,b3-p2-c4
772,b3-p2-c4-d2,robinia,b3-p2-c4
773,b3-p2-c4-e2,robinia,b3-p2-c4
774,b3-p2-c4-f2,robinia,b3-p2-c4
775,b3-p3-c4-d1,robinia,b3-p3-c4
776,b3-p3-c4-e1,robinia,b3-p3-c4
777,b3-p3-c4-f1,robinia,b3-p3-c4
778,b3-p3-c4-d2,robinia,b3-p3-c4
779,b3-p3-c4-e2,robinia,b3-p3-c4
780,b3-p3-c4-f2,robinia,b3-p3-c4
781,b3-p4-c4-d1,robinia,b3-p4-c4
782,b3-p4-c4-e1,robinia,b3-p4-c4
783,b3-p4-c4-f1,robinia,b3-p4-c4
784,b3-p4-c4-d2,robinia,b3-p4-c4
785,b3-p4-c4-e2,robinia,b3-p4-c4
786,b3-p4-c4-f2,robinia,b3-p4-c4
787,b3-p5-c1-d1,robinia,b3-p5-c1
788,b3-p5-c1-e1,robinia,b3-p5-c1
789,b3-p5-c1-f1,robinia,b3-p5-c1
790,b3-p5-c1-d2,robinia,b3-p5-c1
791,b3-p5-c1-e2,robinia,b3-p5-c1
792,b3-p5-c1-f2,robinia,b3-p5-c1
793,b3-p5-c2-d1,robinia,b3-p5-c2
794,b3-p5-c2-e1,robinia,b3-p5-c2
795,b3-p5-c2-f1,robinia,b3-p5-c2
796,b3-p5-c2-d2,robinia,b3-p5-c2
797,b3-p5-c2-e2,robinia,b3-p5-c2
798,b3-p5-c2-f2,robinia,b3-p5-c2
799,b3-p5-c3-d1,robinia,b3-p5-c3
800,b3-p5-c3-e1,robinia,b3-p5-c3
801,b3-p5-c3-f1,robinia,b3-p5-c3
802,b3-p5-c3-d2,robinia,b3-p5-c3
803,b3-p5-c3-e2,robinia,b3-p5-c3
804,b3-p5-c3-f2,robinia,b3-p5-c3
805,b3-p5-c4-d1,robinia,b3-p5-c4
806,b3-p5-c4-e1,robinia,b3-p5-c4
807,b3-p5-c4-f1,robinia,b3-p5-c4
808,b3-p5-c4-d2,robinia,b3-p5-c4
809,b3-p5-c4-e2,robinia,b3-p5-c4
810,b3-p5-c4-f2,robinia,b3-p5-c4
811,b3-p6-c3-d1,robinia,b3-p6-c3
812,b3-p6-c3-e1,robinia,b3-p6-c3
813,b3-p6-c3-f1,robinia,b3-p6-c3
814,b3-p6-c3-d2,robinia,b3-p6-c3
815,b3-p6-c3-e2,robinia,b3-p6-c3
816,b3-p6-c3-f2,robinia,b3-p6-c3
